"","binomial_name","country","continent","group","year_last_seen","threat_AA","threat_BRU","threat_RCD","threat_ISGD","threat_EPM","threat_CC","threat_HID","threat_P","threat_TS","threat_NSM","threat_GE","threat_NA","action_LWP","action_SM","action_LP","action_RM","action_EA","action_NA","red_list_category"
"1","Abutilon pitcairnense","Pitcairn","Oceania","Flowering Plant","2000-2020",0,0,0,1,0,0,0,0,0,0,1,0,1,1,0,1,0,0,"Extinct in the Wild"
"2","Acaena exigua","United States","North America","Flowering Plant","1980-1999",0,0,0,1,0,0,0,0,0,0,0,0,0,0,0,1,0,0,"Extinct"
"3","Acalypha dikuluwensis","Congo","Africa","Flowering Plant","1940-1959",0,0,0,0,1,0,0,0,0,0,0,0,0,0,0,0,0,1,"Extinct"
"4","Acalypha rubrinervis","Saint Helena, Ascension and Tristan da Cunha","Africa","Flowering Plant","Before 1900",1,1,0,1,0,0,0,0,0,0,0,1,0,0,0,0,0,1,"Extinct"
"5","Acalypha wilderi","Cook Islands","Oceania","Flowering Plant","1920-1939",1,0,1,1,0,0,0,0,1,0,0,0,0,0,0,0,0,1,"Extinct"
"6","Acer hilaense","China","Asia","Flowering Plant","1920-1939",0,0,1,0,0,0,0,0,0,0,0,0,0,1,0,0,0,0,"Extinct in the Wild"
"7","Achyranthes atollensis","United States","North America","Flowering Plant","1960-1979",0,0,1,1,0,0,0,0,0,0,0,0,0,0,0,0,0,1,"Extinct"
"8","Adenophorus periens","United States","North America","Ferns and Allies","2000-2020",0,0,0,1,0,0,0,0,0,0,1,0,1,0,0,1,0,0,"Extinct"
"9","Adiantum lianxianense","China","Asia","Ferns and Allies","2000-2020",0,0,0,0,0,0,0,0,0,0,0,1,0,0,0,0,0,1,"Extinct"
"10","Aechmea cymosopaniculata","Venezuela","South America","Flowering Plant","Before 1900",1,1,1,0,0,0,0,0,1,0,0,0,0,0,0,0,0,1,"Extinct"
"11","Aeranthes africana","Zimbabwe","Africa","Flowering Plant","2000-2020",0,1,0,0,0,0,0,0,0,0,0,0,1,0,0,0,0,0,"Extinct in the Wild"
"12","Aeranthes albidiflora","Madagascar","Africa","Flowering Plant","1940-1959",0,1,0,0,0,0,0,0,0,0,0,0,0,0,0,0,0,1,"Extinct"
"13","Aeranthes parkesii","Zimbabwe","Africa","Flowering Plant","1960-1979",1,1,0,0,0,0,0,0,0,0,0,0,0,0,0,0,0,1,"Extinct in the Wild"
"14","Aeschynomene ruspoliana","Ethiopia","Africa","Flowering Plant","Before 1900",1,0,1,0,0,0,0,0,0,0,0,0,0,0,0,0,0,1,"Extinct"
"15","Aetheolaena hypoleuca","Ecuador","South America","Flowering Plant","Before 1900",0,1,0,0,0,0,0,0,0,0,0,0,0,0,0,0,0,1,"Extinct"
"16","Aetheolaena ledifolia","Ecuador","South America","Flowering Plant","Before 1900",0,0,0,0,0,0,0,0,0,0,0,1,0,0,0,0,0,1,"Extinct"
"17","Aetheolaena pichinchensis","Ecuador","South America","Flowering Plant","Before 1900",0,0,0,0,0,0,0,0,0,0,0,1,0,0,0,0,0,1,"Extinct"
"18","Agave lurida","Mexico","North America","Flowering Plant","2000-2020",1,0,0,0,0,0,0,0,0,0,0,0,0,0,0,0,0,1,"Extinct in the Wild"
"19","Agelanthus guineensis","Guinea","Africa","Flowering Plant","1940-1959",1,0,1,0,0,0,0,0,0,0,0,0,0,0,0,0,0,1,"Extinct"
"20","Agelanthus rondensis","Tanzania","Africa","Flowering Plant","1900-1919",1,0,0,0,0,0,0,0,0,0,0,0,0,0,0,0,0,1,"Extinct"
"21","Alangium circulare","Malaysia","Asia","Flowering Plant","1960-1979",1,0,1,0,0,0,0,0,0,0,0,0,0,0,0,0,0,1,"Extinct in the Wild"
"22","Albizia verrucosa","Madagascar","Africa","Flowering Plant","1960-1979",1,1,0,0,0,0,0,0,0,1,0,0,0,0,0,0,0,1,"Extinct in the Wild"
"23","Albuca nana","South Africa","Africa","Flowering Plant","1900-1919",0,0,1,1,0,0,0,0,0,0,0,0,0,0,0,0,0,1,"Extinct"
"24","Alnus henryi","Taiwan","Asia","Flowering Plant","1900-1919",0,0,0,0,0,1,0,0,0,0,1,0,0,0,0,0,0,1,"Extinct"
"25","Amaranthus brownii","United States","North America","Flowering Plant","1980-1999",0,0,0,1,0,0,0,0,0,1,1,0,1,0,0,1,0,0,"Extinct"
"26","Ammannia alternifolia","Madagascar","Africa","Flowering Plant","1900-1919",1,0,0,0,0,1,0,0,0,1,0,0,0,0,0,0,0,1,"Extinct"
"27","Amorphophallus lewallei","Burundi","Africa","Flowering Plant","1960-1979",1,0,0,0,1,0,0,0,0,0,0,0,0,0,0,0,0,1,"Extinct in the Wild"
"28","Amsinckia marginata","Ecuador","South America","Flowering Plant","1900-1919",0,0,1,0,0,0,0,0,0,0,0,0,0,0,0,0,0,1,"Extinct"
"29","Andropogon benthamianus","Ecuador","South America","Flowering Plant","Before 1900",0,0,0,0,0,0,0,0,0,0,0,1,0,0,0,0,0,1,"Extinct"
"30","Angraecopsis dolabriformis","Sao Tome and Principe","Africa","Flowering Plant","Before 1900",1,1,0,0,0,0,0,0,0,0,0,0,0,1,1,0,0,0,"Extinct"
"31","Angraecum astroarche","Sao Tome and Principe","Africa","Flowering Plant","Before 1900",1,1,0,0,0,0,0,0,0,0,0,0,0,1,1,0,0,0,"Extinct"
"32","Angraecum mahavavense","Madagascar","Africa","Flowering Plant","1920-1939",0,1,0,0,0,0,0,0,0,1,0,0,0,0,0,0,0,1,"Extinct"
"33","Angraecum muscicolum","Madagascar","Africa","Flowering Plant","1920-1939",1,1,0,0,0,0,0,0,0,1,0,0,0,0,0,0,0,1,"Extinct"
"34","Angraecum perhumile","Madagascar","Africa","Flowering Plant","1920-1939",0,1,0,0,0,0,0,0,0,1,0,0,0,0,0,0,0,1,"Extinct"
"35","Angraecum potamophilum","Madagascar","Africa","Flowering Plant","Before 1900",0,1,0,0,0,0,0,0,0,0,0,0,0,0,0,0,0,1,"Extinct"
"36","Angraecum rigidifolium","Madagascar","Africa","Flowering Plant","1920-1939",0,1,0,0,0,0,0,0,0,1,0,0,0,0,0,0,0,1,"Extinct"
"37","Angraecum rubellum","Madagascar","Africa","Flowering Plant","1960-1979",1,1,0,0,0,0,0,0,0,1,0,0,0,0,0,0,0,1,"Extinct"
"38","Angraecum serpens","Madagascar","Africa","Flowering Plant","1940-1959",1,1,0,0,0,0,0,0,0,1,0,0,0,0,0,0,0,1,"Extinct"
"39","Angraecum sterrophyllum","Madagascar","Africa","Flowering Plant","1900-1919",1,1,0,0,0,0,0,0,0,1,0,0,0,0,0,0,0,1,"Extinct"
"40","Anisopappus burundiensis","Burundi","Africa","Flowering Plant","1960-1979",1,0,0,0,0,0,0,0,0,0,0,0,0,0,0,0,0,1,"Extinct"
"41","Anisophyllea impressinervia","Malaysia","Asia","Flowering Plant","1960-1979",1,0,0,0,0,0,0,0,0,0,0,0,0,0,0,0,0,1,"Extinct"
"42","Aponogeton dioecus","Madagascar","Africa","Flowering Plant","1960-1979",1,0,0,0,0,0,0,0,0,1,0,0,1,0,0,0,0,0,"Extinct"
"43","Arboa antsingyae","Madagascar","Africa","Flowering Plant","1940-1959",1,1,0,0,0,0,0,0,0,1,0,0,1,0,0,0,0,0,"Extinct"
"44","Argocoffeopsis lemblinii","Côte d'Ivoire","Africa","Flowering Plant","1900-1919",0,0,0,0,0,0,0,0,0,0,0,1,0,0,0,0,0,1,"Extinct"
"45","Argyroxiphium virescens","United States","North America","Flowering Plant","1980-1999",0,0,0,0,0,0,0,0,0,0,0,1,0,0,0,0,0,1,"Extinct"
"46","Artemisia kauaiensis","United States","North America","Flowering Plant","2000-2020",0,0,0,1,0,1,0,0,0,1,0,0,0,0,0,0,0,1,"Extinct"
"47","Aspidostemon inconspicuus","Madagascar","Africa","Flowering Plant","1940-1959",1,0,0,0,0,0,0,0,0,0,0,0,0,0,0,0,0,1,"Extinct"
"48","Aster quitensis","Ecuador","South America","Flowering Plant","Before 1900",0,1,0,0,0,0,0,0,0,0,0,0,0,0,0,0,0,1,"Extinct"
"49","Astragalus nitidiflorus","Spain","Europe","Flowering Plant","1900-1919",0,0,0,0,0,0,0,0,0,0,0,1,0,0,0,0,0,1,"Extinct"
"50","Athanasia imbricata","South Africa","Africa","Flowering Plant","Before 1900",1,0,0,1,0,0,0,0,0,0,0,0,0,0,0,0,0,1,"Extinct"
"51","Baccharis fusca","Ecuador","South America","Flowering Plant","Before 1900",0,0,0,0,0,0,0,0,0,0,0,1,0,0,0,0,0,1,"Extinct"
"52","Basananthe cupricola","Congo","Africa","Flowering Plant","1980-1999",0,0,0,0,1,0,0,0,0,0,0,0,0,0,0,0,0,1,"Extinct"
"53","Baudouinia capuronii","Madagascar","Africa","Flowering Plant","1960-1979",1,0,0,0,0,0,0,0,0,0,0,0,0,0,0,0,0,1,"Extinct"
"54","Begonia cladocarpoides","Madagascar","Africa","Flowering Plant","1900-1919",0,1,0,0,0,0,0,0,0,0,0,0,0,0,0,0,0,1,"Extinct"
"55","Begonia eciliata","Trinidad and Tobago","South America","Flowering Plant","1900-1919",1,0,1,0,1,0,0,0,0,0,0,0,0,0,0,0,0,1,"Extinct"
"56","Begonia eiromischa","Malaysia","Asia","Flowering Plant","Before 1900",1,1,0,0,0,0,0,0,0,0,0,0,0,0,0,0,0,1,"Extinct"
"57","Beilschmiedia neoletestui","Gabon","Africa","Flowering Plant","1920-1939",1,0,0,0,0,0,0,0,0,0,0,0,0,0,0,0,0,1,"Extinct"
"58","Beilschmiedia pellegrinii","Gabon","Africa","Flowering Plant","1920-1939",1,0,0,0,0,0,0,0,0,0,0,0,0,0,0,0,0,1,"Extinct"
"59","Beilschmiedia thollonii","Gabon","Africa","Flowering Plant","Before 1900",1,0,0,0,0,0,0,0,0,0,0,0,0,0,0,0,0,1,"Extinct"
"60","Beilschmiedia yangambiensis","Congo","Africa","Flowering Plant","1940-1959",1,0,0,0,0,0,0,0,0,0,0,0,1,0,0,0,0,0,"Extinct"
"61","Benthamia catatiana","Madagascar","Africa","Flowering Plant","1920-1939",0,1,0,0,1,0,0,0,0,0,0,0,0,0,0,0,0,1,"Extinct"
"62","Benthamia nigro-vaginata","Madagascar","Africa","Flowering Plant","1920-1939",0,1,0,0,0,0,0,0,0,1,0,0,0,0,0,0,0,1,"Extinct"
"63","Berlinia hollandii","Nigeria","Africa","Flowering Plant","Before 1900",0,1,1,0,0,0,0,0,0,0,0,0,0,1,0,0,0,0,"Extinct"
"64","Betula gynoterminalis","China","Asia","Flowering Plant","1940-1959",0,1,0,0,0,0,0,0,0,0,0,0,0,0,0,0,0,1,"Extinct"
"65","Bidens ruyigiensis","Burundi","Africa","Flowering Plant","1960-1979",1,0,0,0,0,0,0,0,0,0,0,0,0,0,0,0,0,1,"Extinct"
"66","Blepharis reekmansii","Burundi","Africa","Flowering Plant","1980-1999",1,0,0,0,0,0,0,0,0,0,0,0,0,0,0,0,0,1,"Extinct"
"67","Blotiella coriacea","Tanzania","Africa","Ferns and Allies","1960-1979",1,0,0,0,0,0,0,0,0,0,0,0,1,0,0,0,0,0,"Extinct"
"68","Blutaparon rigidum","Ecuador","South America","Flowering Plant","1900-1919",0,0,0,1,0,0,0,0,0,0,0,0,0,0,0,0,0,1,"Extinct"
"69","Breonia membranacea","Madagascar","Africa","Flowering Plant","1940-1959",1,1,0,0,0,0,0,0,0,1,0,0,1,0,0,0,0,0,"Extinct"
"70","Breonia richardsonii","Madagascar","Africa","Flowering Plant","1960-1979",1,1,0,0,0,0,0,0,0,0,0,0,1,0,0,0,0,0,"Extinct"
"71","Brieya latipetala","Angola","Africa","Flowering Plant","1940-1959",0,0,0,0,1,0,1,0,0,0,0,0,0,0,0,0,0,1,"Extinct"
"72","Brighamia insignis","United States","North America","Flowering Plant","2000-2020",0,0,1,1,0,1,0,0,0,0,1,0,1,1,0,1,1,0,"Extinct in the Wild"
"73","Bromus bromoideus","Belgium","Europe","Flowering Plant","1920-1939",1,0,0,0,0,0,0,1,0,0,0,0,0,1,0,0,0,0,"Extinct in the Wild"
"74","Bromus interruptus","United Kingdom","Europe","Flowering Plant","1960-1979",1,0,0,0,0,0,0,0,0,0,0,0,0,1,0,0,0,0,"Extinct in the Wild"
"75","Brugmansia arborea","Peru","South America","Flowering Plant","Before 1900",0,1,0,0,0,0,0,0,0,0,0,0,0,0,0,0,0,1,"Extinct in the Wild"
"76","Brugmansia aurea","Colombia","South America","Flowering Plant","Before 1900",0,1,0,0,0,0,0,0,0,0,0,0,0,0,0,0,0,1,"Extinct in the Wild"
"77","Brugmansia insignis","Peru","South America","Flowering Plant","Before 1900",0,1,0,0,0,0,0,0,0,0,0,0,0,0,0,0,0,1,"Extinct in the Wild"
"78","Brugmansia sanguinea","Peru","South America","Flowering Plant","Before 1900",0,1,0,0,0,0,0,0,0,0,0,0,0,0,0,0,0,1,"Extinct in the Wild"
"79","Brugmansia suaveolens","Brazil","South America","Flowering Plant","Before 1900",0,1,0,0,0,0,0,0,0,0,0,0,0,0,0,0,0,1,"Extinct in the Wild"
"80","Brugmansia versicolor","Ecuador","South America","Flowering Plant","Before 1900",0,1,0,0,0,0,0,0,0,0,0,0,0,0,0,0,0,1,"Extinct in the Wild"
"81","Brugmansia vulcanicola","Colombia","South America","Flowering Plant","Before 1900",0,1,0,0,0,0,0,0,0,0,0,0,0,0,0,0,0,1,"Extinct in the Wild"
"82","Bulbophyllum conchophyllum","Indonesia","Oceania","Flowering Plant","1900-1919",1,1,1,0,0,0,0,0,0,1,0,0,0,1,0,0,0,0,"Extinct"
"83","Bulbophyllum erythroglossum","Madagascar","Africa","Flowering Plant","1960-1979",0,1,0,0,0,0,0,0,0,0,0,0,0,1,1,0,0,0,"Extinct"
"84","Bulbophyllum hirsutiusculum","Madagascar","Africa","Flowering Plant","1920-1939",0,1,0,0,0,0,0,0,0,0,0,0,0,1,1,0,0,0,"Extinct"
"85","Bulbophyllum minax","Madagascar","Africa","Flowering Plant","1900-1919",0,1,0,0,0,0,0,0,0,1,0,0,0,1,1,0,0,0,"Extinct"
"86","Bulbophyllum sanguineum","Madagascar","Africa","Flowering Plant","1920-1939",1,1,0,0,0,0,0,0,0,0,0,0,1,1,1,0,0,0,"Extinct"
"87","Bulbophyllum sceliphron","Papua New Guinea","Oceania","Flowering Plant","1980-1999",1,1,0,0,0,1,0,0,0,1,0,0,0,1,0,0,0,0,"Extinct"
"88","Bulbophyllum tampoketsense","Madagascar","Africa","Flowering Plant","1920-1939",0,1,0,0,0,0,0,0,0,1,0,0,0,1,1,0,0,0,"Extinct"
"89","Byttneria ivorensis","Côte d'Ivoire","Africa","Flowering Plant","Before 1900",0,0,0,0,0,0,0,0,0,0,0,1,0,0,0,0,0,1,"Extinct"
"90","Callerya neocaledonica","New Caledonia","Oceania","Flowering Plant","1980-1999",1,0,0,1,0,1,0,0,0,1,0,0,0,0,0,0,0,1,"Extinct"
"91","Camellia amplexicaulis","Viet Nam","Asia","Flowering Plant","2000-2020",0,0,0,0,0,0,0,0,0,0,0,1,0,1,0,0,0,0,"Extinct in the Wild"
"92","Campomanesia lundiana","Brazil","South America","Flowering Plant","Before 1900",0,0,0,0,0,0,0,0,0,0,0,1,0,0,0,0,0,1,"Extinct"
"93","Camptocarpus cornutus","Madagascar","Africa","Flowering Plant","1920-1939",0,1,0,0,0,0,0,0,0,0,0,0,0,0,0,0,0,1,"Extinct"
"94","Canavalia veillonii","New Caledonia","Oceania","Flowering Plant","1980-1999",0,0,0,1,0,1,0,0,0,1,0,0,1,0,0,0,0,0,"Extinct"
"95","Capparis grandidieri","Madagascar","Africa","Flowering Plant","Before 1900",1,0,1,0,0,0,0,0,0,0,0,0,0,0,0,0,0,1,"Extinct"
"96","Capparis lucens","Rwanda","Africa","Flowering Plant","1920-1939",1,0,1,0,0,0,0,0,0,0,0,0,0,0,0,0,0,1,"Extinct"
"97","Casearia quinduensis","Colombia","South America","Flowering Plant",NA,0,0,0,0,0,0,0,0,0,0,0,1,0,0,0,0,0,1,"Extinct"
"98","Casearia tinifolia","Mauritius","Africa","Flowering Plant","1960-1979",0,0,0,0,0,0,0,0,0,0,0,1,0,0,0,0,0,1,"Extinct"
"99","Centaurea pseudoleucolepis","Ukraine","Europe","Flowering Plant","1920-1939",0,0,0,0,0,0,0,0,0,0,0,1,0,0,1,0,0,0,"Extinct"
"100","Centropogon brachysiphoniatus","Ecuador","South America","Flowering Plant","1920-1939",0,0,1,1,0,0,0,0,0,1,0,0,0,0,0,0,0,1,"Extinct"
"101","Ceratostema pensile","Ecuador","South America","Flowering Plant","1940-1959",0,0,1,0,1,0,0,0,0,0,0,0,0,0,0,0,0,1,"Extinct"
"102","Cereus estevesii","Brazil","South America","Flowering Plant","2000-2020",1,0,0,0,0,0,0,0,0,0,0,0,0,1,1,0,0,0,"Extinct in the Wild"
"103","Cestrum flavescens","Mexico","North America","Flowering Plant","1960-1979",0,0,1,0,0,0,0,0,0,0,0,0,1,0,0,0,0,0,"Extinct"
"104","Cestrum flavinervium","Mexico","North America","Flowering Plant","1920-1939",0,1,0,0,0,1,0,0,0,1,0,0,0,0,0,0,0,1,"Extinct"
"105","Chassalia coursii","Madagascar","Africa","Flowering Plant","1940-1959",1,1,0,0,0,0,0,0,0,0,0,0,1,0,0,0,0,0,"Extinct"
"106","Chrysophyllum januariense","Brazil","South America","Flowering Plant",NA,0,0,1,0,0,0,0,0,0,0,0,0,0,0,0,0,0,1,"Extinct"
"107","Cinnamomum bhamoensis","Myanmar","Asia","Flowering Plant","1900-1919",1,0,1,0,0,0,0,0,1,0,0,0,0,0,0,0,0,1,"Extinct"
"108","Cinnamomum englerianum","Papua New Guinea","Oceania","Flowering Plant","1900-1919",1,0,0,0,0,0,0,0,0,0,0,0,0,0,0,0,0,1,"Extinct"
"109","Cinnamomum gracillimum","Indonesia","Oceania","Flowering Plant","1920-1939",1,0,0,0,0,0,0,0,0,0,0,0,0,0,0,0,0,1,"Extinct"
"110","Cinnamomum longipedicellatum","Papua New Guinea","Oceania","Flowering Plant","1960-1979",1,0,0,0,0,0,0,0,0,0,0,0,0,0,0,0,0,1,"Extinct"
"111","Cinnamomum pachypes","Malaysia","Asia","Flowering Plant","1960-1979",1,0,0,0,0,0,0,0,0,0,0,0,1,0,0,0,0,0,"Extinct"
"112","Cinnamomum petiolatum","Indonesia","Oceania","Flowering Plant","1960-1979",1,0,0,0,1,0,0,0,0,0,0,0,1,0,0,0,0,0,"Extinct"
"113","Cinnamomum rosselianum","Papua New Guinea","Oceania","Flowering Plant","1940-1959",1,0,0,0,0,0,0,0,0,0,0,0,0,0,0,0,0,1,"Extinct"
"114","Cinnamomum trintaense","Malaysia","Asia","Flowering Plant","Before 1900",0,0,0,0,1,0,0,0,0,0,0,0,0,0,0,0,0,1,"Extinct"
"115","Clermontia multiflora","United States","North America","Flowering Plant","Before 1900",0,0,0,0,0,0,0,0,0,0,0,1,0,0,0,0,0,1,"Extinct"
"116","Clitoria andrei","Ecuador","South America","Flowering Plant","Before 1900",0,0,0,0,0,0,0,0,0,0,0,1,0,0,0,0,0,1,"Extinct"
"117","Cloiselia humbertii","Madagascar","Africa","Flowering Plant","1920-1939",0,0,0,0,0,0,0,0,0,1,0,0,0,0,0,0,0,1,"Extinct"
"118","Cnidoscolus fragrans","Cuba","North America","Flowering Plant","Before 1900",0,0,1,0,0,0,0,0,0,0,0,0,0,0,0,0,0,1,"Extinct"
"119","Coffea alleizettii","Madagascar","Africa","Flowering Plant","1960-1979",1,0,0,0,0,0,0,0,0,0,0,0,0,1,0,0,0,0,"Extinct"
"120","Coffea decaryana","Madagascar","Africa","Flowering Plant","1940-1959",1,1,0,0,0,0,0,0,0,1,0,0,1,0,0,0,0,0,"Extinct"
"121","Coffea heterocalyx","Cameroon","Africa","Flowering Plant","2000-2020",1,1,1,0,1,0,0,0,1,0,0,0,0,1,0,0,0,0,"Extinct in the Wild"
"122","Coffea leonimontana","Cameroon","Africa","Flowering Plant","1960-1979",1,1,0,0,0,0,0,0,0,0,0,0,0,0,0,0,0,1,"Extinct"
"123","Cola mosserayana","Congo","Africa","Flowering Plant","1920-1939",1,1,0,0,0,0,0,0,0,0,0,0,0,0,0,0,0,1,"Extinct"
"124","Cola vandersmisseniana","Congo","Africa","Flowering Plant","1940-1959",1,1,0,0,0,0,0,0,0,0,0,0,0,0,0,0,0,1,"Extinct"
"125","Commidendrum gummiferum","Saint Helena, Ascension and Tristan da Cunha","Africa","Flowering Plant",NA,0,0,0,0,0,0,0,0,0,0,0,1,0,0,0,0,0,1,"Extinct"
"126","Corypha taliera","India","Asia","Flowering Plant","2000-2020",0,0,0,0,0,0,0,0,0,0,0,1,0,0,0,0,0,1,"Extinct in the Wild"
"127","Costus vinosus","Panama","North America","Flowering Plant","2000-2020",1,0,0,0,0,0,0,0,0,0,0,0,0,0,0,0,0,1,"Extinct in the Wild"
"128","Cotula myriophylloides","South Africa","Africa","Flowering Plant","1960-1979",0,0,1,1,0,0,0,1,0,1,0,0,0,0,0,0,0,1,"Extinct"
"129","Crudia zeylanica","Sri Lanka","Asia","Flowering Plant","1980-1999",0,0,0,0,0,0,0,0,0,0,0,1,0,0,0,0,0,1,"Extinct"
"130","Cryosophila williamsii","Honduras","North America","Flowering Plant","1980-1999",1,1,1,0,0,0,0,0,0,0,0,0,0,0,0,0,0,1,"Extinct in the Wild"
"131","Ctenitis pallatangana","Ecuador","South America","Ferns and Allies","Before 1900",1,0,0,0,0,0,0,0,0,0,0,0,0,0,0,0,0,1,"Extinct"
"132","Cupaniopsis crassivalvis","New Caledonia","Oceania","Flowering Plant","Before 1900",0,0,0,0,0,0,0,0,0,0,0,1,0,0,0,0,0,1,"Extinct"
"133","Curcuma pygmaea","Viet Nam","Asia","Flowering Plant","2000-2020",1,0,0,0,0,0,0,0,0,0,0,0,0,0,0,0,0,1,"Extinct"
"134","Cyanea arborea","United States","North America","Flowering Plant","1920-1939",0,0,0,0,0,0,0,0,0,0,0,1,0,0,0,0,0,1,"Extinct"
"135","Cyanea comata","United States","North America","Flowering Plant","Before 1900",0,0,0,0,0,0,0,0,0,0,0,1,0,0,0,0,0,1,"Extinct"
"136","Cyanea cylindrocalyx","United States","North America","Flowering Plant","1900-1919",0,0,0,0,0,0,0,0,0,0,0,1,0,0,0,0,0,1,"Extinct"
"137","Cyanea dolichopoda","United States","North America","Flowering Plant","1980-1999",0,0,0,0,0,1,0,0,0,0,1,0,0,0,0,1,0,0,"Extinct"
"138","Cyanea eleeleensis","United States","North America","Flowering Plant","1960-1979",0,0,0,1,0,0,0,0,0,0,0,0,0,0,0,0,0,1,"Extinct"
"139","Cyanea giffardii","United States","North America","Flowering Plant","1900-1919",0,0,0,0,0,0,0,0,0,0,0,1,0,0,0,0,0,1,"Extinct"
"140","Cyanea kolekoleensis","United States","North America","Flowering Plant","1980-1999",0,0,0,1,0,1,0,0,0,1,0,0,0,0,0,1,0,0,"Extinct"
"141","Cyanea kuhihewa","United States","North America","Flowering Plant","2000-2020",0,0,0,1,0,1,0,0,0,0,0,0,0,1,0,0,0,0,"Extinct in the Wild"
"142","Cyanea linearifolia","United States","North America","Flowering Plant","1940-1959",0,0,0,1,0,0,0,0,0,0,0,0,0,0,0,0,0,1,"Extinct"
"143","Cyanea mauiensis","United States","North America","Flowering Plant","Before 1900",0,0,0,0,0,0,0,0,0,0,0,1,0,0,0,0,0,1,"Extinct"
"144","Cyanea minutiflora","United States","North America","Flowering Plant","1900-1919",0,0,0,1,0,0,0,0,0,0,0,0,0,0,0,0,0,1,"Extinct"
"145","Cyanea parvifolia","United States","North America","Flowering Plant",NA,0,0,0,1,0,0,0,0,0,0,0,0,0,0,0,0,0,1,"Extinct"
"146","Cyanea pinnatifida","United States","North America","Flowering Plant","2000-2020",0,0,1,1,0,0,0,0,0,0,0,0,0,1,0,0,0,0,"Extinct in the Wild"
"147","Cyanea pohaku","United States","North America","Flowering Plant","1900-1919",0,0,0,0,0,0,0,0,0,0,0,1,0,0,0,0,0,1,"Extinct"
"148","Cyanea pycnocarpa","United States","North America","Flowering Plant",NA,0,0,0,0,0,0,0,0,0,0,0,1,0,0,0,0,0,1,"Extinct"
"149","Cyanea quercifolia","United States","North America","Flowering Plant",NA,0,0,0,0,0,0,0,0,0,0,0,1,0,0,0,0,0,1,"Extinct"
"150","Cyanea sessilifolia","United States","North America","Flowering Plant","1940-1959",0,0,0,1,0,0,0,0,0,1,0,0,0,0,0,0,0,1,"Extinct"
"151","Cyanea superba","United States","North America","Flowering Plant","2000-2020",0,0,0,1,0,0,0,0,0,1,0,0,0,1,0,0,0,0,"Extinct in the Wild"
"152","Cycas fugax","Viet Nam","Asia","Cycad","2000-2020",1,1,1,0,0,0,0,0,0,0,0,0,0,1,1,0,0,0,"Extinct"
"153","Cyclophyllum tiebaghiense","New Caledonia","Oceania","Flowering Plant","2000-2020",0,0,0,0,1,0,0,0,0,0,0,0,0,0,0,0,0,1,"Extinct"
"154","Cyclosorus burundensis","Burundi","Africa","Ferns and Allies","1960-1979",1,0,1,0,0,0,0,0,0,0,0,0,0,0,0,0,0,1,"Extinct"
"155","Cynoglossum lowryanum","Madagascar","Africa","Flowering Plant","1900-1919",1,1,0,0,0,0,0,0,0,0,0,0,1,0,0,0,0,0,"Extinct"
"156","Cynoglossum tsaratananense","Madagascar","Africa","Flowering Plant","1920-1939",1,0,0,0,0,0,0,0,0,0,0,0,1,0,0,0,0,0,"Extinct"
"157","Cynometra beddomei","India","Asia","Flowering Plant","Before 1900",1,1,0,0,0,0,0,0,0,1,0,0,0,0,0,0,0,1,"Extinct"
"158","Cynorkis bimaculata","Madagascar","Africa","Flowering Plant","1960-1979",0,1,0,0,0,0,0,0,0,1,0,0,0,1,1,0,0,0,"Extinct"
"159","Cynorkis catatii","Madagascar","Africa","Flowering Plant","Before 1900",0,1,0,0,0,0,0,0,0,1,0,0,0,0,0,0,0,1,"Extinct"
"160","Cynorkis marojejyensis","Madagascar","Africa","Flowering Plant","1940-1959",0,0,0,0,0,1,1,1,0,1,0,0,1,0,0,0,0,0,"Extinct"
"161","Cynorkis rolfei","Madagascar","Africa","Flowering Plant","1900-1919",0,1,0,0,0,0,0,0,0,0,0,0,0,1,1,0,0,0,"Extinct"
"162","Cynorkis sylvatica","Madagascar","Africa","Flowering Plant","1940-1959",0,1,0,0,0,0,0,0,0,0,0,0,0,1,1,0,0,0,"Extinct"
"163","Cynorkis usambarae","Tanzania","Africa","Flowering Plant","Before 1900",1,0,0,0,0,0,0,0,0,0,0,0,0,0,0,0,0,1,"Extinct"
"164","Cyperus chionocephalus","Ethiopia","Africa","Flowering Plant","1920-1939",1,1,0,0,0,0,0,0,0,0,0,0,0,0,0,0,0,1,"Extinct"
"165","Cyperus multifolius","Ecuador","South America","Flowering Plant","Before 1900",0,0,0,0,0,0,0,0,0,0,0,1,0,0,0,0,0,1,"Extinct"
"166","Cyperus rockii","United States","North America","Flowering Plant","1900-1919",0,0,0,1,0,0,0,0,0,0,0,0,0,0,0,0,0,1,"Extinct"
"167","Cyphostemma michelii","Burundi","Africa","Flowering Plant","1940-1959",1,0,0,0,0,0,1,0,0,0,0,0,0,0,0,0,0,1,"Extinct"
"168","Cyrtandra crenata","United States","North America","Flowering Plant","1940-1959",0,0,0,1,0,1,0,0,0,0,0,0,1,0,0,1,0,0,"Extinct"
"169","Cyrtandra olona","United States","North America","Flowering Plant","1900-1919",0,0,0,1,0,0,0,0,0,0,0,0,0,0,0,0,0,1,"Extinct"
"170","Cyrtandra waiolani","United States","North America","Flowering Plant","1940-1959",0,0,0,1,0,0,0,0,0,0,0,0,0,0,0,0,0,1,"Extinct in the Wild"
"171","Dalea sabinalis","United States","North America","Flowering Plant","1940-1959",1,0,1,1,0,0,0,0,0,0,0,0,0,0,0,0,0,1,"Extinct"
"172","Delilia inelegans","Ecuador","South America","Flowering Plant","Before 1900",0,0,0,0,0,0,0,0,0,0,0,1,0,0,0,0,0,1,"Extinct"
"173","Delissea niihauensis","United States","North America","Flowering Plant","Before 1900",0,0,0,1,0,1,0,0,0,0,0,0,0,0,0,0,0,1,"Extinct"
"174","Delissea rhytidosperma","United States","North America","Flowering Plant","2000-2020",0,0,0,1,0,0,0,0,0,0,0,1,1,1,0,1,0,0,"Extinct in the Wild"
"175","Delissea subcordata","United States","North America","Flowering Plant","1920-1939",0,0,0,1,0,0,0,0,0,1,0,0,0,0,0,0,0,1,"Extinct"
"176","Delissea takeuchii","United States","North America","Flowering Plant","1980-1999",0,0,0,1,0,1,0,0,0,0,0,0,0,0,0,1,0,0,"Extinct"
"177","Delissea undulata","United States","North America","Flowering Plant","Before 1900",1,0,0,1,0,0,0,0,0,1,0,0,0,0,0,0,0,1,"Extinct"
"178","Delonix tomentosa","Madagascar","Africa","Flowering Plant","1900-1919",1,0,0,0,0,0,0,0,0,1,0,0,0,0,0,0,0,1,"Extinct"
"179","Dendrobium bandaense","Indonesia","Asia","Flowering Plant","1900-1919",0,0,0,0,0,0,0,0,0,0,1,0,1,0,0,0,0,0,"Extinct"
"180","Dendrobium brillianum","Indonesia","Oceania","Flowering Plant","1900-1919",1,1,1,0,0,0,0,0,0,0,0,0,0,1,0,0,0,0,"Extinct"
"181","Devillea flagelliformis","Brazil","South America","Flowering Plant","Before 1900",0,0,0,1,0,0,0,0,0,0,0,0,0,0,0,0,0,1,"Extinct"
"182","Dicoma pretoriensis","South Africa","Africa","Flowering Plant","1920-1939",0,0,1,1,0,0,1,0,0,0,0,0,0,0,0,0,0,1,"Extinct"
"183","Dillenia fischeri","Philippines","Asia","Flowering Plant","1900-1919",1,0,1,1,1,0,0,0,0,0,0,0,0,0,0,0,0,1,"Extinct"
"184","Diospyros katendei","Uganda","Africa","Flowering Plant","2000-2020",0,1,0,0,0,0,0,0,0,0,0,0,0,0,0,0,0,1,"Extinct"
"185","Diospyros ketsensis","Madagascar","Africa","Flowering Plant","1920-1939",1,1,0,0,0,0,0,0,0,1,0,0,0,0,0,0,0,1,"Extinct"
"186","Diospyros subtrinervis","Madagascar","Africa","Flowering Plant","Before 1900",1,1,0,0,0,0,0,0,0,1,0,0,0,0,0,0,0,1,"Extinct"
"187","Diplazium laffanianum","Bermuda","North America","Ferns and Allies","1900-1919",0,0,1,1,0,0,1,1,1,0,0,0,0,1,0,0,0,0,"Extinct in the Wild"
"188","Diplazium ulugurense","Tanzania","Africa","Ferns and Allies","1960-1979",1,0,0,0,0,0,0,0,0,0,0,0,0,0,0,0,0,1,"Extinct"
"189","Discocactus subterraneo-proliferans","Brazil","South America","Flowering Plant","1980-1999",1,0,0,0,0,0,0,0,0,0,0,0,0,1,1,0,0,0,"Extinct in the Wild"
"190","Disperis bosseri","Madagascar","Africa","Flowering Plant","1940-1959",0,1,0,0,0,0,0,0,0,1,0,0,0,1,1,0,0,0,"Extinct"
"191","Disperis egregia","Tanzania","Africa","Flowering Plant","1940-1959",0,1,0,1,0,0,0,0,0,0,0,0,0,0,0,0,0,1,"Extinct"
"192","Dissotis longisepala","Burundi","Africa","Flowering Plant","1940-1959",1,0,0,0,0,0,0,0,0,0,0,0,0,0,0,0,0,1,"Extinct"
"193","Dombeya macropoda","Madagascar","Africa","Flowering Plant","1980-1999",1,1,0,0,0,0,0,0,0,0,0,0,1,0,0,0,0,0,"Extinct"
"194","Dombeya micrantha","Madagascar","Africa","Flowering Plant","1940-1959",1,1,0,0,0,0,0,0,0,0,0,0,0,0,0,0,0,1,"Extinct"
"195","Dombeya pauciflora","Madagascar","Africa","Flowering Plant","1960-1979",1,0,0,0,0,0,0,0,0,1,0,0,0,0,0,0,0,1,"Extinct"
"196","Dombeya sakamaliensis","Madagascar","Africa","Flowering Plant","1920-1939",0,1,0,0,0,0,0,0,0,1,0,0,0,0,0,0,0,1,"Extinct"
"197","Dombeya sely","Madagascar","Africa","Flowering Plant","1940-1959",1,0,0,0,0,0,0,0,0,1,0,0,1,0,0,0,0,0,"Extinct"
"198","Dombeya seyrigiana","Madagascar","Africa","Flowering Plant","1940-1959",1,1,0,0,0,0,0,0,0,1,0,0,0,0,0,0,0,1,"Extinct"
"199","Dombeya tavia","Madagascar","Africa","Flowering Plant","1940-1959",1,1,0,0,1,0,0,0,0,1,0,0,0,0,0,0,0,1,"Extinct"
"200","Dombeya tsiandrensis","Madagascar","Africa","Flowering Plant","1940-1959",1,1,0,0,0,0,0,0,0,1,0,0,0,0,0,0,0,1,"Extinct"
"201","Dorstenia bicaudata","Tanzania","Africa","Flowering Plant","1940-1959",1,0,0,0,0,0,0,0,0,0,0,0,0,0,0,0,0,1,"Extinct"
"202","Drosera allantostigma","Australia","Oceania","Flowering Plant","2000-2020",1,0,0,0,0,0,0,0,1,1,0,0,1,0,0,0,0,0,"Extinct"
"203","Dryopteris ascensionis","Saint Helena, Ascension and Tristan da Cunha","Africa","Ferns and Allies","1960-1979",0,0,0,1,0,0,0,0,0,0,1,0,0,0,0,0,0,1,"Extinct"
"204","Dubautia kenwoodii","United States","North America","Flowering Plant","1980-1999",0,0,0,1,0,1,0,0,0,0,1,0,0,0,0,1,0,0,"Extinct"
"205","Dypsis brittiana","Madagascar","Africa","Flowering Plant","2000-2020",0,1,0,0,0,0,0,0,0,0,0,0,1,0,0,0,0,0,"Extinct"
"206","Egletes humifusa","Ecuador","South America","Flowering Plant","Before 1900",0,1,0,0,0,0,0,0,0,0,0,0,0,0,0,0,0,1,"Extinct"
"207","Elaeocarpus occidentalis","Madagascar","Africa","Flowering Plant","1940-1959",1,1,0,0,1,0,0,0,0,1,0,0,0,0,0,0,0,1,"Extinct"
"208","Elaphandra retroflexa","Ecuador","South America","Flowering Plant","1920-1939",0,1,0,0,0,0,0,0,0,0,0,0,0,0,0,0,0,1,"Extinct"
"209","Elaphoglossum gracilipes","Ecuador","South America","Ferns and Allies","Before 1900",1,0,0,0,0,0,0,0,0,0,0,0,0,0,0,0,0,1,"Extinct"
"210","Elaphoglossum polytrichum","Ecuador","South America","Ferns and Allies","Before 1900",1,0,0,0,0,0,0,0,0,0,0,0,0,0,0,0,0,1,"Extinct"
"211","Eleocharis lepta","South Africa","Africa","Flowering Plant","Before 1900",0,0,0,0,0,0,0,0,0,0,0,1,0,0,0,0,0,1,"Extinct"
"212","Emicocarpus fissifolius","Mozambique","Africa","Flowering Plant","1960-1979",0,0,1,0,0,0,0,0,0,0,0,0,0,0,0,0,0,1,"Extinct"
"213","Emilia djalonensis","Guinea","Africa","Flowering Plant","1900-1919",1,0,1,0,1,0,0,0,0,1,0,0,0,0,0,0,0,1,"Extinct"
"214","Encephalartos brevifoliolatus","South Africa","Africa","Cycad","2000-2020",0,1,0,0,0,0,0,0,0,0,0,0,0,1,1,0,0,0,"Extinct in the Wild"
"215","Encephalartos cerinus","South Africa","Africa","Cycad","1980-1999",0,1,0,0,0,0,0,0,0,0,0,0,0,1,1,0,0,0,"Extinct"
"216","Encephalartos hirsutus","South Africa","Africa","Cycad","2000-2020",0,0,0,0,0,0,0,0,0,0,0,1,1,1,1,0,0,0,"Extinct"
"217","Encephalartos inopinus","South Africa","Africa","Cycad","2000-2020",0,1,0,0,0,0,0,0,0,0,0,0,0,1,1,0,0,0,"Extinct"
"218","Encephalartos nubimontanus","South Africa","Africa","Cycad","2000-2020",0,1,0,0,0,0,0,0,0,0,0,0,1,1,1,0,0,0,"Extinct in the Wild"
"219","Encephalartos relictus","Swaziland","Africa","Cycad","1960-1979",0,1,0,0,0,0,0,0,0,0,0,0,0,1,1,0,0,0,"Extinct in the Wild"
"220","Encephalartos woodii","South Africa","Africa","Cycad","1900-1919",0,1,0,0,0,0,0,0,0,0,0,0,0,1,1,0,0,0,"Extinct in the Wild"
"221","Endiandra scrobiculata","Malaysia","Asia","Flowering Plant","1960-1979",0,0,1,0,0,0,1,0,0,0,0,0,1,0,0,0,0,0,"Extinct"
"222","Epidendrum lanceolatum","Trinidad and Tobago","South America","Flowering Plant","Before 1900",0,0,0,0,1,0,0,0,0,0,0,0,0,0,0,0,0,1,"Extinct"
"223","Eragrostis fosbergii","United States","North America","Flowering Plant","1980-1999",0,0,0,1,0,1,0,0,0,1,0,0,1,0,0,1,0,0,"Extinct"
"224","Eremospatha barendii","Cameroon","Africa","Flowering Plant","2000-2020",1,1,0,0,0,0,0,0,0,0,0,0,0,0,0,0,0,1,"Extinct"
"225","Eriocaulon caesium","Trinidad and Tobago","South America","Flowering Plant","Before 1900",0,0,1,0,0,0,0,0,0,0,0,0,1,0,0,0,0,0,"Extinct"
"226","Eriocaulon hildebrandtii","Madagascar","Africa","Flowering Plant","Before 1900",1,0,1,0,0,0,1,0,0,0,0,0,0,0,0,0,0,1,"Extinct"
"227","Eriocaulon parvicapitulatum","Madagascar","Africa","Flowering Plant","1900-1919",1,0,1,0,0,0,1,0,1,0,0,0,0,0,0,0,0,1,"Extinct"
"228","Erythroxylum echinodendron","Cuba","North America","Flowering Plant",NA,1,1,1,0,0,0,0,0,0,0,0,0,0,0,0,0,0,1,"Extinct in the Wild"
"229","Etlingera heyneana","Indonesia","Asia","Flowering Plant","1920-1939",1,0,1,0,0,0,0,0,0,0,0,0,0,0,0,0,0,1,"Extinct"
"230","Etlingera newmanii","Malaysia","Asia","Flowering Plant","1980-1999",1,0,0,0,0,0,0,0,0,0,0,0,0,0,0,0,0,1,"Extinct"
"231","Eugenia albida","Ecuador","South America","Flowering Plant","Before 1900",0,0,0,0,0,0,0,0,0,0,0,1,0,0,0,0,0,1,"Extinct"
"232","Eugenia guayaquilensis","Ecuador","South America","Flowering Plant","Before 1900",0,0,0,0,0,0,0,0,0,0,0,1,0,0,0,0,0,1,"Extinct"
"233","Eugenia scheffleri","Tanzania","Africa","Flowering Plant","1900-1919",1,0,0,0,0,0,0,0,0,0,0,0,1,0,0,0,0,0,"Extinct"
"234","Eulophia grandidieri","Madagascar","Africa","Flowering Plant","1900-1919",0,1,0,0,0,0,0,0,0,0,0,0,0,1,1,0,0,0,"Extinct"
"235","Eulophia stenopetala","Bhutan","Asia","Flowering Plant","Before 1900",0,0,0,0,0,0,0,0,0,0,0,1,0,0,0,0,0,1,"Extinct"
"236","Euphorbia alcicornis","Madagascar","Africa","Flowering Plant","Before 1900",0,0,0,0,0,0,0,0,0,1,0,0,0,0,0,0,0,1,"Extinct"
"237","Euphorbia boinensis","Madagascar","Africa","Flowering Plant","1920-1939",0,1,0,0,0,0,0,0,0,1,0,0,1,0,0,0,0,0,"Extinct"
"238","Euphorbia capuronii","Madagascar","Africa","Flowering Plant","1940-1959",0,1,0,0,0,0,0,0,0,0,0,0,0,1,0,0,0,0,"Extinct in the Wild"
"239","Euphorbia mayurnathanii","India","Asia","Flowering Plant","1920-1939",0,0,0,0,0,0,0,0,0,0,0,1,0,0,0,0,0,1,"Extinct in the Wild"
"240","Euphorbia neospinescens","Tanzania","Africa","Flowering Plant","1940-1959",1,0,0,0,0,0,0,0,0,0,0,0,0,0,0,0,0,1,"Extinct"
"241","Euphorbia pirahazo","Madagascar","Africa","Flowering Plant","1920-1939",0,1,0,0,0,0,0,0,0,1,0,0,0,0,0,0,0,1,"Extinct"
"242","Euphorbia ramofraga","Madagascar","Africa","Flowering Plant","1920-1939",0,1,0,0,0,0,0,0,0,1,0,0,1,0,0,0,0,0,"Extinct"
"243","Euphrasia mendoncae","Portugal","Europe","Flowering Plant","1920-1939",0,0,0,0,0,0,0,0,0,0,0,1,0,0,1,0,0,0,"Extinct"
"244","Fissidens microstictus","Portugal","Europe","Mosses","1980-1999",0,0,1,0,0,0,0,0,0,0,0,0,0,0,0,0,0,1,"Extinct"
"245","Fitchia mangarevensis","French Polynesia","Oceania","Flowering Plant","1920-1939",0,0,0,0,0,0,0,0,0,0,0,1,0,0,0,0,0,1,"Extinct"
"246","Flabellidium spinosum","Bolivia","South America","Mosses","1900-1919",1,1,0,0,0,0,0,0,0,0,0,0,0,0,0,0,0,1,"Extinct"
"247","Foetidia rubescens","Madagascar","Africa","Flowering Plant","1960-1979",1,1,0,0,0,0,0,0,0,0,0,0,1,0,0,0,0,0,"Extinct"
"248","Franklinia alatamaha","United States","North America","Flowering Plant","Before 1900",0,1,0,0,0,0,0,0,0,1,0,0,0,1,0,0,0,0,"Extinct in the Wild"
"249","Furcraea macdougallii","Mexico","North America","Flowering Plant","1960-1979",1,0,0,0,0,0,0,0,0,1,0,0,0,0,0,0,0,1,"Extinct in the Wild"
"250","Galaxaura barbata","Ecuador","South America","Algae","1960-1979",0,0,0,0,0,1,0,0,0,0,0,0,1,0,0,0,0,0,"Extinct"
"251","Galipea ossana","Cuba","North America","Flowering Plant","Before 1900",0,0,0,0,0,0,0,0,0,0,0,1,0,0,0,0,0,1,"Extinct"
"252","Gaultheria stereophylla","Ecuador","South America","Flowering Plant","1900-1919",0,0,0,0,0,0,0,0,0,0,0,1,0,0,0,0,0,1,"Extinct"
"253","Geostachys taipingensis","Malaysia","Asia","Flowering Plant","1940-1959",0,0,1,0,0,0,0,0,0,0,0,0,0,0,0,0,0,1,"Extinct"
"254","Gomidesia cambessedeana","Brazil","South America","Flowering Plant","Before 1900",0,0,0,0,0,0,0,0,0,0,0,1,0,0,0,0,0,1,"Extinct"
"255","Gomphandra dinagatensis","Philippines","Asia","Flowering Plant","1900-1919",0,1,0,0,1,0,0,0,0,0,0,0,0,0,0,0,0,1,"Extinct"
"256","Gossypium armourianum","Mexico","North America","Flowering Plant","2000-2020",0,0,1,1,0,0,0,0,0,0,0,0,1,0,0,0,0,0,"Extinct in the Wild"
"257","Grewia monantha","Madagascar","Africa","Flowering Plant","1960-1979",1,0,1,0,0,0,0,0,0,0,0,0,0,0,0,0,0,1,"Extinct"
"258","Grewia perrieri","Madagascar","Africa","Flowering Plant","1900-1919",1,1,1,0,0,0,0,0,0,0,0,0,0,0,0,0,0,1,"Extinct"
"259","Grewia tsiandrensis","Madagascar","Africa","Flowering Plant","1920-1939",1,0,0,0,0,0,0,0,0,0,0,0,1,0,0,0,0,0,"Extinct"
"260","Guettarda retusa","Cuba","North America","Flowering Plant","Before 1900",0,1,0,0,0,0,0,0,0,0,0,0,0,0,0,0,0,1,"Extinct"
"261","Guzmania lepidota","Ecuador","South America","Flowering Plant","Before 1900",1,1,0,0,0,0,0,0,0,0,0,0,0,0,0,0,0,1,"Extinct"
"262","Guzmania poortmanii","Ecuador","South America","Flowering Plant","Before 1900",1,1,0,0,0,0,0,0,0,0,0,0,0,0,0,0,0,1,"Extinct"
"263","Guzmania striata","Ecuador","South America","Flowering Plant","1940-1959",1,1,0,0,0,0,0,0,0,0,0,0,0,0,0,0,0,1,"Extinct"
"264","Gynura campanulata","Kenya","Africa","Flowering Plant","1920-1939",1,0,1,0,0,0,0,0,0,0,0,0,0,0,0,0,0,1,"Extinct"
"265","Gyrostipula obtusa","Madagascar","Africa","Flowering Plant","1960-1979",1,1,0,0,0,0,0,0,0,1,0,0,1,0,0,0,0,0,"Extinct"
"266","Habenaria lewallei","Burundi","Africa","Flowering Plant","1960-1979",1,0,0,0,1,0,0,0,0,0,0,0,0,0,0,0,0,1,"Extinct"
"267","Habenaria petromedusa","Cabo Verde","Africa","Flowering Plant","Before 1900",0,0,0,0,0,0,0,0,0,0,0,1,0,0,0,0,0,1,"Extinct"
"268","Heliotropium pannifolium","Saint Helena, Ascension and Tristan da Cunha","Africa","Flowering Plant","Before 1900",0,0,0,1,0,0,0,0,0,0,0,0,0,0,0,0,0,1,"Extinct"
"269","Helmiopsis glaberrima","Madagascar","Africa","Flowering Plant","1940-1959",1,1,0,0,0,0,0,0,0,1,0,0,1,0,0,0,0,0,"Extinct"
"270","Hernandia drakeana","French Polynesia","Oceania","Flowering Plant","1900-1919",0,0,0,0,0,0,0,0,0,0,0,1,0,0,0,0,0,1,"Extinct"
"271","Heterosamara bennae","Guinea","Africa","Flowering Plant","1920-1939",1,0,0,0,0,0,0,0,0,1,0,0,0,0,0,0,0,1,"Extinct"
"272","Hibiscadelphus bombycinus","United States","North America","Flowering Plant","Before 1900",0,0,0,0,0,0,0,0,0,0,0,1,0,0,0,0,0,1,"Extinct"
"273","Hibiscadelphus crucibracteatus","United States","North America","Flowering Plant","1980-1999",0,0,0,0,0,0,0,0,0,0,0,1,0,0,0,0,0,1,"Extinct"
"274","Hibiscadelphus wilderianus","United States","North America","Flowering Plant","1900-1919",0,0,0,0,0,0,0,0,0,0,0,1,0,0,0,0,0,1,"Extinct"
"275","Hibiscadelphus woodii","United States","North America","Flowering Plant","1980-1999",0,0,0,1,0,0,1,0,0,0,1,0,0,0,0,1,0,0,"Extinct"
"276","Hibiscus grandistipulatus","Madagascar","Africa","Flowering Plant","1940-1959",1,1,0,0,0,0,0,0,0,0,0,0,0,0,0,0,0,1,"Extinct"
"277","Hibiscus storckii","Fiji","Oceania","Flowering Plant","2000-2020",0,0,0,1,0,1,0,0,0,0,0,0,0,0,0,0,0,1,"Extinct in the Wild"
"278","Hopea shingkeng","India","Asia","Flowering Plant",NA,0,0,0,0,0,0,0,0,0,0,0,1,0,0,0,0,0,1,"Extinct"
"279","Hunteria hexaloba","Gabon","Africa","Flowering Plant","1900-1919",1,1,1,0,1,0,0,0,0,0,0,0,0,0,0,0,0,1,"Extinct"
"280","Hydrostachys perrieri","Madagascar","Africa","Flowering Plant","1900-1919",0,0,0,0,1,0,0,0,0,1,0,0,0,0,0,0,0,1,"Extinct"
"281","Hymenodictyon seyrigii","Madagascar","Africa","Flowering Plant","1940-1959",0,0,0,0,1,0,0,0,0,1,0,0,0,0,0,0,0,1,"Extinct"
"282","Hypericum gnidiifolium","Ethiopia","Africa","Flowering Plant","Before 1900",1,1,0,0,0,0,0,0,0,0,0,0,0,0,0,0,0,1,"Extinct"
"283","Ilex gardneriana","India","Asia","Flowering Plant","Before 1900",1,1,1,0,0,0,0,0,0,0,0,0,0,0,0,0,0,1,"Extinct"
"284","Ilex ternatiflora","Cuba","North America","Flowering Plant","Before 1900",0,0,0,0,0,0,0,0,0,0,0,1,0,0,0,0,0,1,"Extinct"
"285","Impatiens boinensis","Madagascar","Africa","Flowering Plant","1900-1919",1,0,0,0,0,1,0,0,0,1,0,0,0,0,0,0,0,1,"Extinct"
"286","Impatiens granulifera","Madagascar","Africa","Flowering Plant","1920-1939",1,1,0,0,0,0,0,0,0,1,0,0,0,0,0,0,0,1,"Extinct"
"287","Impatiens saliensis","Tanzania","Africa","Flowering Plant","1920-1939",1,0,0,0,0,0,0,0,0,0,0,0,0,0,0,0,0,1,"Extinct"
"288","Indigofera ankaratrensis","Madagascar","Africa","Flowering Plant","1900-1919",1,0,0,0,0,0,0,0,0,1,0,0,0,0,0,0,0,1,"Extinct"
"289","Indigofera pobeguinii","Guinea","Africa","Flowering Plant","1900-1919",0,0,1,0,0,0,0,0,0,1,0,0,0,0,0,0,0,1,"Extinct"
"290","Inversodicraea abbayesii","Guinea","Africa","Flowering Plant","1940-1959",0,0,0,0,1,0,0,1,0,1,0,0,0,0,0,0,0,1,"Extinct"
"291","Inversodicraea pygmaea","Guinea","Africa","Flowering Plant","1940-1959",0,0,0,0,1,0,0,1,0,1,0,0,0,0,0,0,0,1,"Extinct"
"292","Isoetes heldreichii","Greece","Europe","Ferns and Allies","Before 1900",0,0,0,0,0,0,0,0,0,0,0,1,0,0,0,0,0,1,"Extinct"
"293","Isoetes sinensis","China","Asia","Ferns and Allies","2000-2020",1,0,1,0,0,0,0,0,0,0,0,0,0,0,0,0,0,1,"Extinct"
"294","Ixora trimera","Madagascar","Africa","Flowering Plant","1940-1959",1,1,0,0,0,0,0,0,0,0,0,0,0,0,0,0,0,1,"Extinct"
"295","Kadua haupuensis","United States","North America","Flowering Plant","1980-1999",0,0,0,1,0,0,0,0,0,0,0,0,1,1,0,1,0,0,"Extinct in the Wild"
"296","Kanaloa kahoolawensis","United States","North America","Flowering Plant","2000-2020",0,0,0,1,0,1,0,0,0,0,0,0,0,1,0,1,0,0,"Extinct in the Wild"
"297","Kokia cookei","United States","North America","Flowering Plant","1960-1979",1,0,0,0,0,0,0,0,0,0,0,0,0,0,0,0,0,1,"Extinct in the Wild"
"298","Kokia lanceolata","United States","North America","Flowering Plant","Before 1900",0,0,0,0,0,0,0,0,0,0,0,1,0,0,0,0,0,1,"Extinct"
"299","Kunkeliella psilotoclada","Spain","Europe","Flowering Plant","1980-1999",1,0,0,1,0,0,0,0,0,0,0,0,1,1,1,0,0,0,"Extinct"
"300","Kyllinga chrysanthoides","Burundi","Africa","Flowering Plant","1960-1979",1,0,0,0,0,0,0,0,0,0,0,0,0,0,0,0,0,1,"Extinct"
"301","Lachanodes arborea","Saint Helena, Ascension and Tristan da Cunha","Africa","Flowering Plant","2000-2020",1,1,0,1,0,0,0,0,0,1,0,1,0,1,1,1,0,0,"Extinct in the Wild"
"302","Lepidium amissum","New Zealand","Oceania","Flowering Plant","1900-1919",0,0,0,0,0,0,0,0,0,0,0,1,0,0,0,0,0,1,"Extinct"
"303","Lepidium obtusatum","New Zealand","Oceania","Flowering Plant","1940-1959",0,1,0,1,1,0,0,0,0,0,0,0,0,0,0,0,0,1,"Extinct"
"304","Licania caldasiana","Colombia","South America","Flowering Plant",NA,0,0,0,0,0,0,0,0,0,0,0,1,0,0,0,0,0,1,"Extinct"
"305","Lijndenia brenanii","Tanzania","Africa","Flowering Plant","1960-1979",0,1,0,1,1,0,0,0,0,0,0,0,1,0,0,0,0,0,"Extinct"
"306","Lijndenia ramiflora","Madagascar","Africa","Flowering Plant","1960-1979",1,0,0,0,0,0,0,0,0,1,0,0,0,0,0,0,0,1,"Extinct"
"307","Linderniella boutiqueana","Burundi","Africa","Flowering Plant","1960-1979",1,0,1,0,1,0,0,0,0,0,0,0,0,0,0,0,0,1,"Extinct"
"308","Linderniella ugandensis","Uganda","Africa","Flowering Plant","1900-1919",1,0,0,0,0,0,0,0,0,0,0,0,0,0,0,0,0,1,"Extinct"
"309","Logania depressa","New Zealand","Oceania","Flowering Plant","Before 1900",0,0,0,1,0,0,0,0,0,1,0,0,0,0,0,0,0,1,"Extinct"
"310","Loudetiopsis baldwinii","Guinea","Africa","Flowering Plant","1940-1959",1,0,1,0,1,0,0,0,1,0,0,0,0,0,0,0,0,1,"Extinct"
"311","Lysimachia minoricensis","Spain","Europe","Flowering Plant","1920-1939",0,1,0,0,0,0,0,0,0,0,0,0,0,1,0,0,0,0,"Extinct in the Wild"
"312","Maclurodendron parviflorum","Malaysia","Asia","Flowering Plant","1960-1979",0,0,1,0,0,0,0,0,0,0,0,0,0,0,0,0,0,1,"Extinct"
"313","Madhuca insignis","India","Asia","Flowering Plant","2000-2020",1,1,1,0,0,0,0,0,0,0,0,0,0,0,0,0,0,1,"Extinct"
"314","Madhuca markleeana","Malaysia","Asia","Flowering Plant","1980-1999",1,1,0,0,0,0,0,0,0,0,0,0,0,0,0,0,0,1,"Extinct"
"315","Magnolia dixonii","Ecuador","South America","Flowering Plant","1960-1979",1,1,0,0,0,0,0,0,1,0,0,0,0,0,0,0,0,1,"Extinct"
"316","Magnolia emarginata","Haiti","North America","Flowering Plant","1980-1999",1,1,0,0,0,1,0,0,0,0,1,0,0,0,0,0,0,1,"Extinct"
"317","Magnolia wolfii","Colombia","South America","Flowering Plant","2000-2020",1,0,0,0,0,0,0,0,0,0,0,0,1,1,0,0,0,0,"Extinct in the Wild"
"318","Manettia canescens","Ecuador","South America","Flowering Plant","Before 1900",0,0,0,0,0,0,0,0,0,0,0,1,0,0,0,0,0,1,"Extinct"
"319","Manettia holwayi","Ecuador","South America","Flowering Plant","1920-1939",0,0,0,0,0,0,0,0,0,0,0,1,0,0,0,0,0,1,"Extinct"
"320","Mangifera casturi","Indonesia","Asia","Flowering Plant","1980-1999",1,0,0,0,0,0,0,0,0,0,0,0,0,0,0,0,0,1,"Extinct in the Wild"
"321","Mangifera rubropetala","Malaysia","Asia","Flowering Plant","Before 1900",0,0,0,0,0,0,0,0,0,0,0,1,0,0,0,0,0,1,"Extinct in the Wild"
"322","Manilkara gonavensis","Haiti","North America","Flowering Plant","1920-1939",1,1,0,0,0,0,0,0,0,1,0,0,0,0,0,0,0,1,"Extinct"
"323","Margaritaria hispidula","Madagascar","Africa","Flowering Plant","1960-1979",1,1,0,0,0,0,0,0,0,1,0,0,0,0,0,0,0,1,"Extinct"
"324","Marsdenia weberlingiana","New Caledonia","Oceania","Flowering Plant","1960-1979",0,0,0,0,0,0,0,0,0,1,0,0,0,0,0,0,0,1,"Extinct"
"325","Matelea ecuadorensis","Ecuador","South America","Flowering Plant","Before 1900",0,0,0,0,0,0,0,0,0,0,0,1,0,0,0,0,0,1,"Extinct"
"326","Maxillaria broadwayi","Trinidad and Tobago","South America","Flowering Plant","1900-1919",1,0,1,0,0,0,0,0,0,0,0,0,0,0,0,0,0,1,"Extinct"
"327","Maytenus manabiensis","Ecuador","South America","Flowering Plant","Before 1900",0,0,0,0,0,0,0,0,0,0,0,1,0,0,0,0,0,1,"Extinct"
"328","Melanochyla woodiana","Malaysia","Asia","Flowering Plant","1940-1959",1,0,0,0,0,0,0,0,0,1,0,0,0,0,0,0,0,1,"Extinct"
"329","Melhania polyneura","Tanzania","Africa","Flowering Plant","Before 1900",1,0,0,0,0,0,0,0,0,0,0,0,0,0,0,0,0,1,"Extinct"
"330","Melicope cruciata","United States","North America","Flowering Plant","2000-2020",0,0,0,0,0,0,0,0,0,0,0,1,0,0,0,0,0,1,"Extinct"
"331","Melicope fatraina","Madagascar","Africa","Flowering Plant","1900-1919",1,1,0,0,0,0,0,0,0,0,0,0,0,0,0,0,0,1,"Extinct"
"332","Melicope haleakalae","United States","North America","Flowering Plant","1900-1919",1,0,0,1,0,0,0,0,0,0,0,0,0,0,0,0,0,1,"Extinct"
"333","Melicope macropus","United States","North America","Flowering Plant","1980-1999",0,0,0,1,0,0,0,0,0,0,0,0,0,0,0,0,0,1,"Extinct"
"334","Melicope nealae","United States","North America","Flowering Plant","1960-1979",0,0,0,1,0,0,0,0,0,0,0,0,0,0,0,0,0,1,"Extinct"
"335","Melicope obovata","United States","North America","Flowering Plant",NA,0,0,0,0,0,0,0,0,0,0,0,1,0,0,0,0,0,1,"Extinct"
"336","Melicope paniculata","United States","North America","Flowering Plant","2000-2020",1,0,0,1,0,0,0,0,0,0,0,0,0,0,0,0,0,1,"Extinct"
"337","Melpomene brevipes","Ecuador","South America","Ferns and Allies","Before 1900",1,0,0,0,0,0,0,0,0,0,0,0,0,0,0,0,0,1,"Extinct"
"338","Memecylon isaloense","Madagascar","Africa","Flowering Plant","1940-1959",1,1,0,0,0,0,1,0,0,1,0,0,1,0,0,0,0,0,"Extinct"
"339","Mesanthemum cupricola","Congo","Africa","Flowering Plant","1940-1959",0,0,0,0,1,0,0,0,0,0,0,0,0,0,0,0,0,1,"Extinct"
"340","Mezoneuron ouenensis","New Caledonia","Oceania","Flowering Plant","Before 1900",0,0,0,0,1,0,1,0,0,0,0,0,0,0,0,0,0,1,"Extinct"
"341","Miconia abscondita","Haiti","North America","Flowering Plant","1920-1939",1,0,0,0,0,1,0,0,0,0,0,0,0,0,0,0,0,1,"Extinct"
"342","Miconia longisetosa","Ecuador","South America","Flowering Plant","Before 1900",0,0,0,0,0,0,0,0,0,0,0,1,0,0,0,0,0,1,"Extinct"
"343","Miconia scabra","Ecuador","South America","Flowering Plant","Before 1900",0,0,0,0,0,0,0,0,0,0,0,1,0,0,0,0,0,1,"Extinct"
"344","Microglossa caudata","Guinea","Africa","Flowering Plant","1900-1919",1,0,1,0,0,0,0,0,0,1,0,0,0,0,0,0,0,1,"Extinct"
"345","Mikania iserniana","Ecuador","South America","Flowering Plant","Before 1900",1,0,1,0,0,0,0,0,0,0,0,0,0,0,0,0,0,1,"Extinct"
"346","Mikania seemannii","Ecuador","South America","Flowering Plant","Before 1900",0,0,0,0,0,0,0,0,0,0,0,1,0,0,0,0,0,1,"Extinct"
"347","Mimosa kitrokala","Madagascar","Africa","Flowering Plant","1940-1959",0,1,0,0,1,0,0,0,0,0,0,0,0,0,0,0,0,1,"Extinct"
"348","Musa insularimontana","Taiwan","Asia","Flowering Plant","1900-1919",0,0,0,0,0,0,0,1,0,0,0,1,0,0,0,0,0,1,"Extinct in the Wild"
"349","Musa yamiensis","Taiwan","Asia","Flowering Plant","2000-2020",0,0,0,0,1,1,0,0,0,0,0,0,0,0,1,0,0,0,"Extinct"
"350","Musa zaifui","China","Asia","Flowering Plant","2000-2020",1,0,0,0,0,1,0,1,0,0,1,0,0,1,1,0,0,0,"Extinct in the Wild"
"351","Myosotis laingii","New Zealand","Oceania","Flowering Plant","1900-1919",0,0,0,0,0,0,0,0,0,0,0,1,0,0,0,0,0,1,"Extinct"
"352","Myrcia skeldingii","Jamaica","North America","Flowering Plant","1960-1979",1,1,1,0,0,0,0,0,0,0,0,0,0,0,0,0,0,1,"Extinct"
"353","Myriophyllum axilliflorum","Madagascar","Africa","Flowering Plant","1920-1939",1,1,1,1,1,0,1,1,0,1,0,0,0,0,0,0,0,1,"Extinct"
"354","Nanochilus palembanicus","Indonesia","Asia","Flowering Plant","Before 1900",1,1,0,0,0,0,0,0,0,0,0,0,0,0,0,0,0,1,"Extinct"
"355","Nectandra caudatoacuminata","Haiti","North America","Flowering Plant","1920-1939",1,1,0,1,0,1,0,0,0,1,0,0,0,0,0,0,0,1,"Extinct"
"356","Neomacounia nitida","Canada","North America","Mosses","Before 1900",0,0,0,0,0,0,0,0,0,0,0,1,0,0,0,0,0,1,"Extinct"
"357","Nesiota elliptica","Saint Helena, Ascension and Tristan da Cunha","Africa","Flowering Plant","2000-2020",1,1,0,1,0,0,0,0,0,0,0,1,0,0,0,0,0,1,"Extinct"
"358","Nidorella burundiensis","Burundi","Africa","Flowering Plant","1940-1959",1,0,0,0,0,0,0,0,0,0,0,0,0,0,0,0,0,1,"Extinct"
"359","Nobregaea latinervis","Portugal","Europe","Mosses","1940-1959",1,0,1,0,0,0,0,0,0,0,0,0,0,0,0,0,0,1,"Extinct"
"360","Noronhia populifolia","Madagascar","Africa","Flowering Plant","1900-1919",1,1,0,0,0,0,0,0,0,0,0,0,0,0,0,0,0,1,"Extinct"
"361","Nymphaea thermarum","Rwanda","Africa","Flowering Plant","2000-2020",0,0,1,0,0,0,0,0,0,1,0,0,0,1,0,0,0,0,"Extinct in the Wild"
"362","Ochrosia brownii","French Polynesia","Oceania","Flowering Plant","2000-2020",0,0,0,0,0,0,0,0,0,0,0,1,0,0,0,0,0,1,"Extinct"
"363","Ochrosia fatuhivensis","French Polynesia","Oceania","Flowering Plant","2000-2020",0,0,0,0,0,0,0,0,0,0,0,1,0,0,0,0,0,1,"Extinct"
"364","Ochrosia tahitensis","French Polynesia","Oceania","Flowering Plant",NA,0,0,0,0,0,0,0,0,0,0,0,1,0,0,0,0,0,1,"Extinct"
"365","Oeceoclades seychellarum","Seychelles","Africa","Flowering Plant","1900-1919",1,0,0,0,0,0,0,0,0,0,0,0,0,0,0,0,0,1,"Extinct"
"366","Oldenlandia adscensionis","Saint Helena, Ascension and Tristan da Cunha","Africa","Flowering Plant","1980-1999",1,0,0,1,0,0,0,0,0,0,0,0,0,0,0,0,0,1,"Extinct"
"367","Onosma griersonii","Bhutan","Asia","Flowering Plant","1980-1999",0,0,1,0,0,0,0,0,1,0,0,0,0,0,0,0,0,1,"Extinct"
"368","Ormosia howii","China","Asia","Flowering Plant","1940-1959",1,1,0,0,0,0,0,0,0,0,0,0,0,0,0,0,0,1,"Extinct"
"369","Ornithogalum visianicum","Croatia","Europe","Flowering Plant","1900-1919",0,0,0,0,0,0,0,0,0,0,0,1,0,0,0,0,0,1,"Extinct"
"370","Orthosiphon scedastophyllus","Tanzania","Africa","Flowering Plant","1920-1939",1,0,0,0,0,0,0,0,0,0,0,0,0,0,0,0,0,1,"Extinct"
"371","Orthosiphon schliebenii","Tanzania","Africa","Flowering Plant","1920-1939",1,0,0,0,0,0,0,0,0,0,0,0,0,0,0,0,0,1,"Extinct"
"372","Otophora unilocularis","China","Asia","Flowering Plant","1920-1939",0,0,0,0,0,0,0,0,0,0,0,1,0,0,0,0,0,1,"Extinct"
"373","Panicum pearsonii","Namibia","Africa","Flowering Plant","1900-1919",0,0,0,0,0,0,0,0,0,0,0,1,0,0,0,0,0,1,"Extinct"
"374","Pausinystalia brachythyrsum","Cameroon","Africa","Flowering Plant","Before 1900",0,0,0,0,0,0,0,0,0,0,0,1,0,0,0,0,0,1,"Extinct"
"375","Pentagonia orthoneura","Ecuador","South America","Flowering Plant","Before 1900",0,0,0,0,0,0,0,0,0,0,0,1,0,0,0,0,0,1,"Extinct"
"376","Peperomia dauleana","Ecuador","South America","Flowering Plant","Before 1900",0,0,0,0,0,0,0,0,0,0,0,1,0,0,0,0,0,1,"Extinct"
"377","Peperomia petraea","Ecuador","South America","Flowering Plant","Before 1900",0,0,0,0,0,0,0,0,0,0,0,1,0,0,0,0,0,1,"Extinct"
"378","Peponidium ihosyense","Madagascar","Africa","Flowering Plant","1940-1959",0,1,0,0,0,0,0,0,0,1,0,0,1,0,0,0,0,0,"Extinct"
"379","Philodendron balaoanum","Ecuador","South America","Flowering Plant","Before 1900",0,0,0,0,0,0,0,0,0,0,0,1,0,0,0,0,0,1,"Extinct"
"380","Phycodrina elegans","Ecuador","South America","Algae","1960-1979",0,0,0,0,0,1,0,0,0,0,0,0,1,0,0,0,0,0,"Extinct"
"381","Phyllanthus burundiensis","Burundi","Africa","Flowering Plant","1960-1979",1,1,1,0,1,0,0,0,0,0,0,0,0,0,0,0,0,1,"Extinct"
"382","Phyllanthus felicis","Guinea","Africa","Flowering Plant","1940-1959",1,1,1,0,1,0,0,0,0,1,0,0,0,0,0,0,0,1,"Extinct"
"383","Phyllanthus mimicus","Trinidad and Tobago","South America","Flowering Plant","1900-1919",1,0,1,0,0,0,0,0,0,0,0,0,0,0,0,0,0,1,"Extinct"
"384","Phyllostegia kahiliensis","United States","North America","Flowering Plant","1980-1999",0,0,0,1,0,0,0,0,0,0,0,0,0,0,0,1,0,0,"Extinct"
"385","Phyllostegia knudsenii","United States","North America","Flowering Plant","2000-2020",0,0,0,1,0,0,0,0,0,0,0,0,0,0,0,1,0,0,"Extinct"
"386","Phyllostegia mannii","United States","North America","Flowering Plant","2000-2020",0,0,0,1,0,1,0,0,0,1,0,0,1,1,0,1,0,0,"Extinct in the Wild"
"387","Physalis muelleri","Mexico","North America","Flowering Plant","1920-1939",0,0,1,0,0,0,0,0,0,0,0,0,1,0,0,0,0,0,"Extinct"
"388","Physalis tehuacanensis","Mexico","North America","Flowering Plant","1960-1979",1,0,1,0,0,1,0,0,0,0,0,0,0,0,0,0,0,1,"Extinct"
"389","Pimpinella robynsii","Burundi","Africa","Flowering Plant","1920-1939",1,0,0,0,0,0,0,0,0,0,0,0,0,0,0,0,0,1,"Extinct"
"390","Piper molliusculum","Ecuador","South America","Flowering Plant","Before 1900",0,0,0,0,0,0,0,0,0,0,0,1,0,0,0,0,0,1,"Extinct"
"391","Pittosporum leroyanum","New Caledonia","Oceania","Flowering Plant","1980-1999",0,0,0,0,0,0,0,0,0,0,0,1,0,0,0,0,0,1,"Extinct"
"392","Plectranthus scopulicola","Tanzania","Africa","Flowering Plant","1940-1959",1,0,0,0,0,0,0,0,0,0,0,0,0,0,0,0,0,1,"Extinct"
"393","Pluchea glutinosa","Yemen","Asia","Flowering Plant","Before 1900",0,0,0,0,0,0,0,0,0,0,0,1,0,0,0,0,0,1,"Extinct"
"394","Podocarpus perrieri","Madagascar","Africa","Conifer","1940-1959",1,1,0,0,0,0,0,0,0,0,0,0,0,0,0,0,0,1,"Extinct"
"395","Polygala quitensis","Ecuador","South America","Flowering Plant","Before 1900",0,0,0,0,0,0,0,0,0,0,0,1,0,0,0,0,0,1,"Extinct"
"396","Polystachya acuminata","Tanzania","Africa","Flowering Plant","1940-1959",1,1,0,0,0,0,0,0,0,0,0,0,0,0,0,0,0,1,"Extinct"
"397","Polystachya canaliculata","Tanzania","Africa","Flowering Plant","1940-1959",1,0,1,0,0,0,0,0,0,0,0,0,0,0,0,0,0,1,"Extinct"
"398","Polystachya erica-lanzae","Rwanda","Africa","Flowering Plant","1980-1999",1,0,0,0,0,0,1,0,0,0,0,0,0,0,0,0,0,1,"Extinct"
"399","Polystachya porphyrochila","Tanzania","Africa","Flowering Plant","1960-1979",1,0,0,0,0,0,0,0,0,0,0,0,0,0,0,0,0,1,"Extinct"
"400","Polystachya rugosilabia","Tanzania","Africa","Flowering Plant","1940-1959",1,0,0,0,0,0,0,0,0,0,0,0,0,0,0,0,0,1,"Extinct"
"401","Pouteria stenophylla","Brazil","South America","Flowering Plant",NA,0,0,1,0,0,0,0,0,0,0,0,0,0,0,0,0,0,1,"Extinct"
"402","Pradosia argentea","Peru","South America","Flowering Plant","Before 1900",0,0,0,0,0,0,0,0,0,0,0,1,0,0,0,0,0,1,"Extinct"
"403","Pradosia glaziovii","Brazil","South America","Flowering Plant",NA,1,1,1,0,0,0,0,0,0,0,0,0,0,0,0,0,0,1,"Extinct"
"404","Pradosia mutisii","Colombia","South America","Flowering Plant",NA,0,0,0,0,0,0,0,0,0,0,0,1,0,0,0,0,0,1,"Extinct"
"405","Premna aureolepidota","Madagascar","Africa","Flowering Plant","1920-1939",1,0,0,0,0,0,0,0,0,1,0,0,1,0,0,0,0,0,"Extinct"
"406","Prestonia schumanniana","Ecuador","South America","Flowering Plant","Before 1900",0,0,0,0,0,0,0,0,0,0,0,1,0,0,0,0,0,1,"Extinct"
"407","Psiadia schweinfurthii","Yemen","Asia","Flowering Plant","Before 1900",0,0,0,0,0,0,0,0,0,0,0,1,0,0,0,0,0,1,"Extinct"
"408","Psidium dumetorum","Jamaica","North America","Flowering Plant","1960-1979",0,0,0,0,0,0,0,0,0,0,0,1,0,0,0,0,0,1,"Extinct"
"409","Psychotria veillonii","New Caledonia","Oceania","Flowering Plant","1980-1999",0,0,0,0,1,0,0,0,0,0,0,0,0,0,0,0,0,1,"Extinct"
"410","Pterospermum elmeri","Philippines","Asia","Flowering Plant","1900-1919",0,1,0,0,0,0,0,0,0,0,0,0,1,0,0,0,0,0,"Extinct"
"411","Pterospermum havilandii","Malaysia","Asia","Flowering Plant","Before 1900",0,1,0,0,1,0,0,0,0,1,0,0,0,0,0,0,0,1,"Extinct in the Wild"
"412","Pterospermum parvifolium","Indonesia","Asia","Flowering Plant","1920-1939",1,0,0,0,0,0,0,0,0,0,0,0,0,0,0,0,0,1,"Extinct"
"413","Puccinellia gussonei","Italy","Europe","Flowering Plant","2000-2020",0,0,0,1,0,0,0,0,0,0,0,0,1,0,0,0,0,0,"Extinct"
"414","Pycnandra micrantha","New Caledonia","Oceania","Flowering Plant","1900-1919",0,0,0,0,1,0,0,0,0,1,0,0,0,0,0,0,0,1,"Extinct"
"415","Rauvolfia nukuhivensis","French Polynesia","Oceania","Flowering Plant","2000-2020",0,0,0,0,0,0,0,0,0,0,0,1,0,0,0,0,0,1,"Extinct"
"416","Rhamnus mildbraedii","Rwanda","Africa","Flowering Plant","1900-1919",1,0,0,0,0,0,0,0,0,0,0,0,0,0,0,0,0,1,"Extinct"
"417","Rhipidoglossum orientalis","Tanzania","Africa","Flowering Plant","1920-1939",1,0,0,0,0,0,0,0,0,0,0,0,0,0,0,0,0,1,"Extinct"
"418","Rhododendron kanehirai","Taiwan","Asia","Flowering Plant","1980-1999",0,0,0,0,0,0,0,0,0,1,0,0,0,0,0,0,0,1,"Extinct in the Wild"
"419","Rhododendron wilhelminae","Indonesia","Asia","Flowering Plant","1900-1919",0,0,0,0,0,1,0,0,0,0,0,0,1,0,0,0,0,0,"Extinct"
"420","Rhynchosia braunii","Tanzania","Africa","Flowering Plant","1900-1919",1,0,0,0,0,0,0,0,0,0,0,0,0,0,0,0,0,1,"Extinct"
"421","Rhynchosia calobotrya","Tanzania","Africa","Flowering Plant","1920-1939",1,0,0,0,0,0,0,0,0,0,0,0,0,0,0,0,0,1,"Extinct"
"422","Rhynchosia ledermannii","Cameroon","Africa","Flowering Plant","1900-1919",1,1,0,0,0,0,0,0,0,0,0,0,0,0,0,0,0,1,"Extinct"
"423","Rhynchospora hildebrandtii","Madagascar","Africa","Flowering Plant","Before 1900",1,0,1,0,0,0,0,1,0,0,0,0,0,0,0,0,0,1,"Extinct"
"424","Ritchiea afzelii","Guinea","Africa","Flowering Plant","Before 1900",1,0,1,0,0,0,0,0,0,0,0,0,0,0,0,0,0,1,"Extinct"
"425","Roupala tobagensis","Trinidad and Tobago","South America","Flowering Plant","1900-1919",1,0,1,0,0,0,0,0,0,0,0,0,0,0,0,0,0,1,"Extinct"
"426","Sabicea bracteolata","Guinea","Africa","Flowering Plant","1940-1959",1,1,1,0,1,0,0,0,0,1,0,0,0,0,0,0,0,1,"Extinct"
"427","Sanicula kauaiensis","United States","North America","Flowering Plant","1940-1959",0,0,0,1,0,0,0,0,0,0,0,0,0,0,0,0,0,1,"Extinct"
"428","Santalum fernandezianum","Chile","South America","Flowering Plant","1900-1919",0,1,0,0,0,0,0,0,0,0,0,0,0,0,0,0,0,1,"Extinct"
"429","Saurauia minutiflora","Malaysia","Asia","Flowering Plant","1980-1999",1,0,0,0,0,0,0,0,0,1,0,0,0,0,0,0,0,1,"Extinct"
"430","Scaphium burkillfilii","Malaysia","Asia","Flowering Plant","1960-1979",1,0,0,0,0,0,0,0,0,0,0,0,0,0,0,0,0,1,"Extinct"
"431","Schiedea amplexicaulis","United States","North America","Flowering Plant","Before 1900",0,0,0,1,0,0,0,0,0,0,0,0,0,0,0,0,0,1,"Extinct"
"432","Schiedea attenuata","United States","North America","Flowering Plant","1980-1999",0,0,0,1,0,0,0,0,0,0,1,0,1,1,0,1,0,0,"Extinct in the Wild"
"433","Schizenterospermum analamerense","Madagascar","Africa","Flowering Plant","1920-1939",1,0,0,0,0,0,0,0,0,1,0,0,1,0,0,0,0,0,"Extinct"
"434","Semecarpus angulatus","Malaysia","Asia","Flowering Plant","1980-1999",1,0,0,0,0,0,0,0,0,0,0,0,0,0,0,0,0,1,"Extinct"
"435","Semecarpus sandakanus","Malaysia","Asia","Flowering Plant","1960-1979",1,0,0,0,0,0,0,0,0,0,0,0,0,0,0,0,0,1,"Extinct"
"436","Senecio antaisaka","Madagascar","Africa","Flowering Plant","1920-1939",0,1,0,0,0,0,0,0,0,1,0,0,0,0,0,0,0,1,"Extinct"
"437","Senecio antambolorum","Madagascar","Africa","Flowering Plant","1920-1939",1,1,0,0,0,0,0,0,0,1,0,0,0,0,0,0,0,1,"Extinct"
"438","Senecio leucopeplus","Argentina","South America","Flowering Plant","2000-2020",1,0,0,0,0,0,1,0,0,0,0,0,1,1,0,0,0,0,"Extinct in the Wild"
"439","Senecio lewallei","Burundi","Africa","Flowering Plant","1960-1979",1,1,0,0,0,0,0,0,0,0,0,0,0,0,0,0,0,1,"Extinct"
"440","Senecio navugabensis","Uganda","Africa","Flowering Plant","1920-1939",1,0,1,0,0,0,1,0,0,1,0,0,0,0,0,0,0,1,"Extinct"
"441","Senna suarezensis","Madagascar","Africa","Flowering Plant","2000-2020",1,1,0,0,0,0,0,0,0,0,0,0,1,0,0,0,0,0,"Extinct"
"442","Sicyos villosus","Ecuador","South America","Flowering Plant","Before 1900",0,0,0,0,0,0,0,0,0,0,0,1,0,0,0,0,0,1,"Extinct"
"443","Silene perlmanii","United States","North America","Flowering Plant","1980-1999",0,0,0,1,0,0,0,0,0,0,0,0,1,1,0,1,0,0,"Extinct in the Wild"
"444","Siphocampylus loxensis","Ecuador","South America","Flowering Plant","Before 1900",0,0,0,0,0,0,0,0,0,0,0,1,0,0,0,0,0,1,"Extinct"
"445","Solanum semicoalitum","Ecuador","South America","Flowering Plant","Before 1900",0,0,0,0,0,0,0,0,0,0,0,1,0,0,0,0,0,1,"Extinct"
"446","Sophora toromiro","Chile","South America","Flowering Plant","1920-1939",0,0,0,0,0,0,0,0,0,0,0,1,0,0,0,0,0,1,"Extinct in the Wild"
"447","Sphyrospermum spruceanum","Ecuador","South America","Flowering Plant","Before 1900",0,0,0,0,0,0,0,0,0,0,0,1,0,0,0,0,0,1,"Extinct"
"448","Sporobolus durus","Saint Helena, Ascension and Tristan da Cunha","Africa","Flowering Plant","Before 1900",1,0,0,1,0,0,0,0,0,0,1,0,0,0,0,0,0,1,"Extinct"
"449","Stachyandra imberbis","Madagascar","Africa","Flowering Plant","1940-1959",0,1,0,0,1,0,0,0,0,1,0,0,0,0,0,0,0,1,"Extinct"
"450","Stachytarpheta fallax","Cabo Verde","Africa","Flowering Plant","Before 1900",0,0,0,0,0,0,0,0,0,0,0,1,0,0,0,0,0,1,"Extinct"
"451","Stellaria elatinoides","New Zealand","Oceania","Flowering Plant","1940-1959",0,0,0,1,0,0,0,0,0,1,0,0,0,0,0,0,0,1,"Extinct"
"452","Stenocarpus dumbeensis","New Caledonia","Oceania","Flowering Plant","1900-1919",0,0,0,0,0,0,0,0,0,0,0,1,0,0,0,0,0,1,"Extinct"
"453","Stenogyne bifida","United States","North America","Flowering Plant","2000-2020",0,0,0,1,0,1,0,0,0,0,1,0,0,1,0,1,0,0,"Extinct in the Wild"
"454","Stenogyne campanulata","United States","North America","Flowering Plant","2000-2020",0,0,0,1,0,0,0,0,0,0,0,0,1,1,0,1,0,0,"Extinct in the Wild"
"455","Stenogyne kanehoana","United States","North America","Flowering Plant","2000-2020",0,0,0,1,0,1,0,0,0,1,0,0,1,1,0,1,0,0,"Extinct in the Wild"
"456","Sterculia khasiana","India","Asia","Flowering Plant","Before 1900",1,0,1,0,0,0,0,0,0,1,0,0,0,0,0,0,0,1,"Extinct"
"457","Stereospermum zenkeri","Cameroon","Africa","Flowering Plant","1940-1959",0,0,1,0,0,0,0,0,0,0,0,0,0,0,0,0,0,1,"Extinct"
"458","Steriphoma urbani","Ecuador","South America","Flowering Plant","1980-1999",0,1,0,0,0,0,0,0,0,0,0,0,0,0,0,0,0,1,"Extinct"
"459","Stonesia fascicularis","Guinea","Africa","Flowering Plant","1940-1959",1,0,1,0,1,0,0,1,0,0,0,0,0,0,0,0,0,1,"Extinct"
"460","Stonesia gracilis","Guinea","Africa","Flowering Plant","1940-1959",0,0,0,0,1,0,0,1,0,1,0,0,0,0,0,0,0,1,"Extinct"
"461","Streblorrhiza speciosa","Norfolk Island","Oceania","Flowering Plant","Before 1900",0,0,0,0,0,0,0,0,0,0,0,1,0,0,0,0,0,1,"Extinct"
"462","Syzygium badescens","Malaysia","Asia","Flowering Plant","1920-1939",1,0,0,0,0,0,0,0,0,1,0,0,0,0,0,0,0,1,"Extinct"
"463","Tachiadenus umbellatus","Madagascar","Africa","Flowering Plant","1920-1939",1,0,0,0,1,0,1,0,0,0,0,0,1,0,0,0,0,0,"Extinct"
"464","Taeniophyllum borneense","Indonesia","Asia","Flowering Plant","1900-1919",1,0,0,0,0,1,0,0,0,1,0,0,0,1,0,0,0,0,"Extinct"
"465","Tephrosia djalonica","Guinea","Africa","Flowering Plant","1900-1919",1,0,1,0,0,0,0,0,0,1,0,0,0,0,0,0,0,1,"Extinct"
"466","Tephrosia pinifolia","Madagascar","Africa","Flowering Plant","1920-1939",1,1,0,0,0,0,0,0,0,0,0,0,0,0,0,0,0,1,"Extinct"
"467","Terminalia acuminata","Brazil","South America","Flowering Plant","1940-1959",0,0,0,0,0,0,0,0,0,0,0,1,0,0,0,0,0,1,"Extinct in the Wild"
"468","Terminalia exelliana","Madagascar","Africa","Flowering Plant","1960-1979",1,0,0,0,0,0,0,0,0,0,0,0,0,0,0,0,0,1,"Extinct"
"469","Tetramolopium capillare","United States","North America","Flowering Plant","1980-1999",0,0,0,1,0,1,0,0,0,1,1,0,0,0,0,1,0,0,"Extinct"
"470","Thelethylax isalensis","Madagascar","Africa","Flowering Plant","1900-1919",0,0,0,0,1,0,1,1,0,1,0,0,1,0,0,0,0,0,"Extinct"
"471","Themistoclesia inflata","Ecuador","South America","Flowering Plant","1940-1959",1,0,1,0,0,0,0,0,0,0,0,0,0,0,0,0,0,1,"Extinct"
"472","Thesium germainii","Burundi","Africa","Flowering Plant","1940-1959",1,0,0,0,0,0,1,0,0,0,0,0,0,0,0,0,0,1,"Extinct"
"473","Thesium lewallei","Burundi","Africa","Flowering Plant","1960-1979",1,0,1,0,0,0,0,0,0,0,0,0,0,0,0,0,0,1,"Extinct"
"474","Tournefortia obtusiflora","Ecuador","South America","Flowering Plant","Before 1900",0,0,0,0,0,0,0,0,0,0,0,1,0,0,0,0,0,1,"Extinct"
"475","Triaspis schliebenii","Tanzania","Africa","Flowering Plant","1920-1939",1,0,0,0,0,0,0,0,0,0,0,0,0,0,0,0,0,1,"Extinct"
"476","Tridactyle sarcodantha","Tanzania","Africa","Flowering Plant","1920-1939",1,0,0,0,0,0,0,0,0,0,0,0,0,0,0,0,0,1,"Extinct"
"477","Trilepidea adamsii","New Zealand","Oceania","Flowering Plant","1940-1959",1,1,1,1,0,0,0,0,0,0,0,0,0,0,0,0,0,1,"Extinct"
"478","Trochetiopsis erythroxylon","Saint Helena, Ascension and Tristan da Cunha","Africa","Flowering Plant","1940-1959",1,1,0,1,0,0,0,0,0,0,0,1,0,1,1,1,0,0,"Extinct in the Wild"
"479","Trochetiopsis melanoxylon","Saint Helena, Ascension and Tristan da Cunha","Africa","Flowering Plant","Before 1900",0,1,0,1,0,0,0,0,0,0,0,1,0,0,0,0,0,1,"Extinct"
"480","Tylostigma herminioides","Madagascar","Africa","Flowering Plant","1920-1939",1,0,0,0,0,0,1,0,0,0,0,0,1,0,0,0,0,0,"Extinct"
"481","Tylostigma madagascariense","Madagascar","Africa","Flowering Plant","1900-1919",1,0,1,0,0,0,1,0,0,0,0,0,0,0,0,0,0,1,"Extinct"
"482","Uvaria decidua","Tanzania","Africa","Flowering Plant","1920-1939",1,0,0,0,0,0,0,0,0,1,0,0,0,0,0,0,0,1,"Extinct"
"483","Valerianella affinis","Yemen","Asia","Flowering Plant","Before 1900",0,0,0,0,0,0,0,0,0,0,0,1,0,0,0,0,0,1,"Extinct"
"484","Vangueria verticillata","Tanzania","Africa","Flowering Plant","1940-1959",0,0,0,0,1,0,0,0,0,0,0,0,0,0,0,0,0,1,"Extinct"
"485","Vanvoorstia bennettiana","Australia","Oceania","Algae","Before 1900",0,1,1,0,0,0,0,1,1,0,0,0,0,0,0,0,0,1,"Extinct"
"486","Vatica xishuangbannaensis","China","Asia","Flowering Plant",NA,1,0,0,0,0,0,0,0,0,0,0,0,0,0,0,0,0,1,"Extinct"
"487","Vernonia ampandrandavensis","Madagascar","Africa","Flowering Plant","1940-1959",1,1,0,0,0,0,0,0,0,1,0,0,0,0,0,0,0,1,"Extinct"
"488","Vernonia sechellensis","Seychelles","Africa","Flowering Plant","Before 1900",0,1,0,0,0,0,0,0,0,0,0,0,0,0,0,0,0,1,"Extinct"
"489","Viburnum divaricatum","Ecuador","South America","Flowering Plant","Before 1900",0,0,0,0,0,0,0,0,0,0,0,1,0,0,0,0,0,1,"Extinct"
"490","Viola cryana","France","Europe","Flowering Plant","1920-1939",0,1,0,0,1,0,0,0,0,0,0,0,0,0,0,0,0,1,"Extinct"
"491","Wahlenbergia petraea","Burundi","Africa","Flowering Plant","1960-1979",1,0,0,0,0,0,0,0,0,0,0,0,0,0,0,0,0,1,"Extinct"
"492","Weinmannia spiraeoides","Fiji","Oceania","Flowering Plant","Before 1900",0,0,0,0,0,0,0,0,0,0,0,1,0,0,0,0,0,1,"Extinct"
"493","Wendlandia angustifolia","India","Asia","Flowering Plant","1980-1999",1,1,1,0,0,0,0,0,0,0,0,0,0,0,0,0,0,1,"Extinct"
"494","Wikstroemia hanalei","United States","North America","Flowering Plant","Before 1900",0,0,0,1,0,0,0,0,0,0,0,0,0,0,0,0,0,1,"Extinct"
"495","Wikstroemia skottsbergiana","United States","North America","Flowering Plant","2000-2020",0,0,0,1,0,0,0,0,0,0,1,1,0,0,0,1,0,0,"Extinct"
"496","Xanthostemon sebertii","New Caledonia","Oceania","Flowering Plant","Before 1900",0,0,0,0,0,0,0,0,0,0,0,1,0,0,0,0,0,1,"Extinct"
"497","Xylopia capuronii","Madagascar","Africa","Flowering Plant","1940-1959",1,1,0,0,0,0,0,0,0,0,0,0,0,0,0,0,0,1,"Extinct"
"498","Xylosma serrata","Montserrat","North America","Flowering Plant","1980-1999",0,0,0,0,0,0,0,0,0,0,1,0,0,0,0,0,0,1,"Extinct"
"499","Zanthoxylum subspicatum","Madagascar","Africa","Flowering Plant","1980-1999",1,1,0,0,0,0,0,0,0,0,0,0,0,0,0,0,0,1,"Extinct"
"500","Zingiber macrocephalum","Indonesia","Asia","Flowering Plant","Before 1900",1,1,1,0,0,0,0,0,0,0,0,0,0,0,0,0,0,1,"Extinct"
